first_m,first_f,last
Sewa,Sewa,Adedayo
Adedayo,Adedayo,Oladeji
Bose,Bose,Adeniji
Anuoluwapo,Eniola,Oluwatosin
Oluwatosin,Anuoluwapo,Oyedele
Tola,Oluwatosin,Olayiwola
Adenike,Tola,Samuel
Samuel,Adenike,Babangida
Toye,Toye,Olasunkanmi
Adunni,Adunni,Damilola
Ayanfe,Ayanfe,Ola
Titilopemi,Titilopemi,Adeoti
Olasunkanmi,Teni,Idowu
Teni,Tinuke,Ayo
Tinuke,Lade,Olaniyi
Lade,Damilola,Babalola
Damilola,Ola,Oladepo
Ola,Nike,Adeleye
Nike,Gbemi,Olalere
Gbemi,Lekan,Adeyemo
Lekan,Ayo,Oluwatobi
Ayo,Aduragbemi,Akintayo
Aduragbemi,Damisi,Ogundare
Damisi,Tiaraoluwa,Oyedeji
Tiaraoluwa,Adesewa,Adebowale
Adesewa,Ibukun,Olusegun
Dotun,Folake,Oladokun
Ibukun,Simi,Adegbola
Folake,Titilayo,Ayoola
Simi,Abisola,Akintola
Oluwatobi,Ara,Adewole
Titilayo,Yetunde,Olayinka
Abisola,Funmbi,Oladipupo
Ara,Akintoye,Olapade
Olusegun,Funmi,Adeniyi
Yetunde,Yemi,Olabode
Funmbi,Olayinka,Ogunleye
Akintoye,Tanitoluwa,Bakare
Funmi,Anrolaoluwayo,Adegboye
Yemi,Bukola,Olaoye
Tanitoluwa,Fikayo,Akinsanya
Anrolaoluwayo,Anuoluwadamisi,Oluwafemi
Bukola,Kemi,Oyebamiji
Fikayo,Oluwafemi,Kayode
Anuoluwadamisi,Aanu,Ogunniyi
Oluwafemi,Kehinde,Ogunbiyi
Aanu,Adelola,Akintunde
Kehinde,Adepeju,Oladipo
Adelola,Tani,Adelaja
Adepeju,olabisi,Bamidele
Tani,Dayo,Oladimeji
olabisi,Tosin,Oladejo
Dayo,Toke,Adegbite
Kayode,Oluwakemi,Adedokun
Toke,Tiara,Adegboyega
Oluwakemi,Adetola,Adegoke
Tiara,Femi,Lawal
Adetola,Ifeoluwa,Akinpelu
Femi,Ayanfeoluwanimi,Adeniran
Oladimeji,Bisi,Adewumi
Ifeoluwa,Kiki,Adelakun
Ayanfeoluwanimi,Tomisin,Adepoju
Bisi,Abioye,Adewunmi
Kiki,Adetoke,Omoniyi
Adegoke,Abimbola,Olaniyan
Tomisin,Tutu,Ojo
Abioye,Peju,KayodeFani
Adetoke,Tanitoluwami,Adewale
Abimbola,Adebola,Ayoade
Tutu,Omoteleola,Olatunji
Peju,Adewale,Babatunde
Akin,AbayomiYomi,Oluwaseun
Tanitoluwami,Muyiwa,Adeoye
Adebola,Atinuke,Oyetunji
Omoteleola,Oluwaseun,Sunday
Adewale,Abeni,Adesina
AbayomiYomi,Sola,Ademola
Muyiwa,Tiwatope,Ayodele
Atinuke,Anuoluwabamise,Adebiyi
Babatunde,Ope,Adeagbo
Oluwaseun,Deola,Ayodeji
Abeni,Temilolu,Fashola
Sola,Olufunke,Ogunmola
Sunday,Tolulope,Olagunju
Tiwatope,Oluwatomisin,Adeboye
Anuoluwabamise,Toluwanimi,Adeyanju
Ope,Adetutu,Adekola
Deola,Anu,Akinola
Temilolu,Tolu,Oladele
Oluwatomisin,Yeyetunde,Ademu
Ademola,Adeboye,Ogundipe
Ayodele,Biodun,Adenuga
Toluwanimi,TopeToluwalashe,Adedoyin
Adetutu,Abi,Akinwale
Anu,Nimi,Olaleye
Tolu,Ronke,Adeosun
Yeyetunde,Morenike,Olasupo
Adeboye,WemimoAdewunmi,Adejumo
Biodun,Bimpe,Olusola
TopeToluwalashe,Adella,Oyelami
Abi,Bimbo,Olawale
Nimi,Opeyemi,Adetunji
Ronke,Olubunmi,Fawemi
Olawale,Ade,Olamilekan
Morenike,Oluwadamilola,Opeyemi
Adetunji,Ayomide,Ade
WemimoAdewunmi,Tanidabioluwa,Adekunle
Bimpe,Zainab,Adeyinka
Adella,Olalekan,Adewuyi
Olamilekan,Adewemimo,Oyeleke
Bimbo,Oye,Olanrewaju
Opeyemi,Adesola,Oladosu
Gboyega,Lashe,Olalekan
Ade,Adebisi,Oladapo
Ayomide,Wura,Akindele
Tanidabioluwa,Yejide,Adesola
Olanrewaju,Temilade,Adebisi
Olalekan,Ademuyiwa,Olawuyi
Oladapo,Fisayo,Babayo
Oye,Adedamola,Balogun
Adesola,Jide,Ogunyemi
Adewemimo,Aanuoluwakiishi,Aderemi
Adebisi,Atofarati,Oyewole
Lashe,Tofa,Ogunsola
Wura,Simisola,Ogundele
Yejide,Yosolaoluwa,Olanipekun
Temilade,Temiloluwa,Adeyemi
Ademuyiwa,Adeyemi,Adeleke
Fisayo,Abbey,Ogunjobi
Adedamola,Dunni,Ogunlade
Jide,Modupe,Majekudnmi
Aanuoluwakiishi,Funmilayo,Olaitan
Atofarati,Araoluwa,Oyeniyi
Tofa,Tayo,Adesanya
Simisola,Bolale,Omotoso
Yosolaoluwa,Lola,Adeola
Temiloluwa,Abifoluwa,Adebayo
Adeyemi,Mayowa,Oluwole
Dare,Oluchi,Baba
Abbey,Temi,Omoruyi
Dunni,Adesanya,Olajide
Modupe,Araoluwanimi,Adeyeye
Araoluwa,Titi,Adeshina
Tayo,Tomilayo,Adediran
Lola,Anuoluwaposi,Oluwadamilare
Abifoluwa,Bisola,Babagana
Mayowa,Tititlope,Olatunde
Oluchi,Bola,Adekoya
Temi,Adeola,Olarewaju
Adesanya,Folashade,Akinleye
Araoluwanimi,Tomi,Akinyemi
Titi,Boye,Olayemi
Tomilayo,Oluwole,Omotayo
Anuoluwaposi,Adebimpe,Oluwaseyi
Bisola,Bosede,Akinsola
Tititlope,Aisha,Olu
Bola,Anjolaifeoluwa,Omotosho
Adeola,Wunmi,Abiodun
Tomi,Anuoluwakiishi,Adedeji
Adebayo,Tiwa,Olaiya
Boye,Damola,Adebanjo
Oluwole,Adesiyan,Aderibigbe
Adebimpe,Bamise,Olaniran
Anjolaifeoluwa,Wuraola,
Wunmi,Omotayo,
Anuoluwakiishi,Abosede,
Tiwa,Akanni,
Damola,Ife,
Oluwadamilare,Opeoluwa,
Adesiyan,Abiodun,
Bamise,Yewande,
Oluwasegun,Aderonke,
Wuraola,Folu,
Omotayo,Temitope,
Oluwaseyi,Bolanle,
Abosede,Omolara,
Akanni,Yosola,
Ife,,
Opeoluwa,,
Abiodun,,
Yewande,,
Aderonke,,
Folu,,
Temitope,,
Bolanle,,
Yosola,,
Afolabi,,
Abayomiyomi,Abayomiyomi,Abimbola
Abiola,Abiola,Abiola
Adebowale,Adebayo,Abosede
Adekunle,Adebowale,Adebola
Adeniyi,Adegoke,Adenike
Adetokunbo,Adekunle,Aderonke
Ayodeji,Ademola,Adetokunbo
Ayokunle,Adeniyi,Ayokunle
Ayotunde,Adetokunbo,Ayomide
Eniola,Ayodeji,Ayotunde
Funmilayo,Ayodele,Eniola
Olabisi,Ayokunle,Femi
Olabode,Ayotunde,Funmilayo
Olajide,Babatunde,Kayodefani
Olakunle,Olabisi,Kehinde
Olamide,Olabode,Olabisi
Olayinka,Olajide,Olakunle
Olu,Olakunle,Olamide
Olubunmi,Olamide,Olubunmi
Olufemi,Olamilekan,Oluchi
Olufunke,Olanrewaju,Olufemi
Olufunmilayo,Olawale,Olufunke
Olufunmilola,Olu,Olufunmilayo
Olujimi,Olufemi,Olufunmilola
Olukayode,Olufunmilayo,Olujimi
Olumide,Olufunmilola,Olukayode
Olusola,Olujimi,Olumide
Oluwabunmi,Olukayode,Oluwabunmi
Oluwafunmilayo,Olumide,Oluwafunmilayo
Oluwakanyinsola,Olusegun,Oluwakanyinsola
Oluwatoyin,Olusola,Oluwakemi
Oluwayemisi,Oluwabunmi,Oluwasegun
Omobolanle,Oluwafunmilayo,Oluwatoyin
Omolara,Oluwakanyinsola,Oluwayemisi
Segun,Oluwasegun,Omobolanle
Taiwo,Oluwaseyi,Omolara
Topetoluwalashe,Oluwatoyin,Segun
Wemimoadewunmi,Oluwayemisi,Taiwo
Sewa,Omobolanle,Temitope
Adedayo,Segun,Titilayo
Bose,Taiwo,Yetunde
Anuoluwapo,Topetoluwalashe,Adedayo
Oluwatosin,Wemimoadewunmi,Oladeji
